3400505,FR ADMIN LAW      ,3  ,                                                                                ,          ,         ,          ,TDF      ,1  ,LECT ,TH,  ,  ,  ,  ,  ,  ,1700-2000,PINIT,1208 ,LHS,KCV,KVN                  ,                    ,                    ,                    ,50 ,16/01/2559 20:00
,
3400507,PUB ECON LAW      ,3  ,                                                                                ,          ,         ,02/05/2559,1730-2030,1  ,LECT ,MO,  ,  ,  ,  ,  ,  ,1700-2000,PINIT,1107 ,KVN,AEN                      ,                    ,                    ,                    ,30 ,16/01/2559 20:00
,
3400508,COMP LEG CONT ADMI,3  ,                                                                                ,          ,         ,          ,TDF      ,1  ,LECT ,WE,  ,  ,  ,  ,  ,  ,1700-2000,PINIT,1105 ,KCV                          ,LAW                 ,                    ,                    ,30 ,16/01/2559 20:00
,
3400509,ADV PUB FIN LAW   ,3  ,                                                                                ,          ,         ,13/05/2559,1730-2030,1  ,LECT ,FR,  ,  ,  ,  ,  ,  ,1700-2000,PINIT,1107 ,SPD                          ,                    ,                    ,                    ,30 ,16/01/2559 20:00
,
3400511,LAW ADM STRUC PERS,3  ,                                                                                ,          ,         ,11/05/2559,1730-2030,1  ,LECT ,TH,  ,  ,  ,  ,  ,  ,1700-2000,PINIT,1205 ,AEN,CSS,STAFF                ,                    ,                    ,                    ,30 ,16/01/2559 20:00
,
3400512,LAW MAJ PUB SERV  ,3  ,                                                                                ,          ,         ,04/05/2559,1730-2030,1  ,LECT ,TU,  ,  ,  ,  ,  ,  ,1700-2000,PINIT,1208 ,NBN,VTV                      ,LAW                 ,                    ,                    ,50 ,16/01/2559 20:00
,
3400515,LAW NAT RES MGT   ,3  ,                                                                                ,          ,         ,          ,TDF      ,1  ,LECT ,SA,  ,  ,  ,  ,  ,  ,0900-1200,PINIT,1106 ,ESL                          ,                    ,                    ,                    ,30 ,16/01/2559 20:00
,
3400516,ADV LABOR LAW     ,3  ,                                                                                ,          ,         ,          ,TDF      ,1  ,LECT ,MO,  ,  ,  ,  ,  ,  ,1700-2000,PINIT,1106 ,PPK                          ,LAW                 ,                    ,                    ,30 ,16/01/2559 20:00
,
3400518,ADV ENVI LAW      ,3  ,                                                                                ,          ,         ,          ,TDF      ,1  ,LECT ,TU,  ,  ,  ,  ,  ,  ,1700-2000,PINIT,1105 ,STAFF                        ,                    ,                    ,                    ,30 ,16/01/2559 20:00
,
3400520,GERMAN ADMIN LAW  ,3  ,                                                                                ,          ,         ,          ,TDF      ,1  ,LECT ,TU,  ,  ,  ,  ,  ,  ,1700-2000,PINIT,1209 ,KRW                          ,LAW                 ,                    ,                    ,30 ,16/01/2559 20:00
,
3400521,GOVERN CONTR      ,3  ,                                                                                ,          ,         ,          ,TDF      ,1  ,LECT ,WE,  ,  ,  ,  ,  ,  ,1700-2000,PINIT,1109 ,CVS,TCC                      ,                    ,                    ,                    ,50 ,16/01/2559 20:00
,
3400522,ADV CONST POL II  ,3  ,3400501                                                                         ,          ,         ,13/05/2559,1730-2030,1  ,LECT ,FR,  ,  ,  ,  ,  ,  ,1700-2000,PINIT,1108 ,KCV                          ,                    ,                    ,                    ,50 ,16/01/2559 20:00
,
3400524,LAW INFO LIB      ,3  ,                                                                                ,          ,         ,09/05/2559,1730-2030,1  ,LECT ,WE,  ,  ,  ,  ,  ,  ,1700-2000,PINIT,1209 ,MJP                          ,                    ,                    ,                    ,50 ,16/01/2559 20:00
,
3400527,COMMON LAW TRAD   ,3  ,3400604                                                                         ,          ,         ,          ,TDF      ,1  ,LECT ,FR,  ,  ,  ,  ,  ,  ,1700-2000,PINIT,AR   ,PTS                          ,LAW                 ,                    ,                    ,50 ,16/01/2559 20:00
,
3400529,SEM CONST LAW POL ,3  ,                                                                                ,          ,         ,          ,TDF      ,1  ,SMNA ,FR,  ,  ,  ,  ,  ,  ,1700-2000,PINIT,1106 ,AEN,STJ,NSK                  ,LAW                 ,                    ,                    ,50 ,16/01/2559 20:00
,
3400532,LAW CORP FIN      ,3  ,                                                                                ,          ,         ,08/05/2559,1700-2000,1  ,LECT ,TH,  ,  ,  ,  ,  ,  ,1700-2000,PINIT,1106 ,STAFF                        ,LAW                 ,                    ,                    ,30 ,16/01/2559 20:00
,
3400534,LAW AND ACCOUNTING,3  ,                                                                                ,          ,         ,          ,TDF      ,1  ,LECT ,WE,  ,  ,  ,  ,  ,  ,1730-2030,THEB ,601  ,STAFF                        ,                    ,                    ,                    ,30 ,16/01/2559 20:00
,
3400535,ECON ANAL OF LAW  ,3  ,                                                                                ,          ,         ,14/05/2559,1730-2030,1  ,LECT ,AR,  ,  ,  ,  ,  ,  ,AR-AR    ,THEB ,607  ,STC                          ,                    ,                    ,                    ,60 ,16/01/2559 20:00
,
3400537,COMP COMMER LAW   ,3  ,                                                                                ,          ,         ,11/05/2559,1730-2030,1  ,LECT ,TH,  ,  ,  ,  ,  ,  ,1700-2000,PINIT,1209 ,PKB,PHK                      ,LAW                 ,                    ,                    ,90 ,16/01/2559 20:00
,
3400538,ADV LAW BUS CONT  ,3  ,                                                                                ,          ,         ,          ,TDF      ,1  ,LECT ,FR,  ,  ,  ,  ,  ,  ,1700-2000,PINIT,1107 ,STAFF                        ,                    ,                    ,                    ,50 ,16/01/2559 20:00
,
3400539,LAW DIRECT INVEST ,3  ,                                                                                ,          ,         ,14/05/2559,1730-2030,1  ,LECT ,TH,  ,  ,  ,  ,  ,  ,1700-2000,PINIT,1210 ,KPD                          ,LAW                 ,                    ,                    ,50 ,16/01/2559 20:00
,
3400541,LAW INTELL PROP   ,3  ,                                                                                ,          ,         ,          ,TDF      ,1  ,LECT ,MO,  ,  ,  ,  ,  ,  ,1700-2000,PINIT,1106 ,BTV,YPR,OPN                  ,LAW                 ,                    ,                    ,50 ,16/01/2559 20:00
,
3400541,LAW INTELL PROP   ,3  ,                                                                                ,          ,         ,          ,TDF      ,2  ,LECT ,WE,  ,  ,  ,  ,  ,  ,1700-2000,BRK  ,316  ,STAFF                        ,                    ,                    ,                    ,50 ,16/01/2559 20:00
,
3400543,LAW/TAX PLANNING  ,3  ,                                                                                ,          ,         ,09/05/2559,1730-2030,1  ,LECT ,WE,  ,  ,  ,  ,  ,  ,1700-2000,PINIT,1205 ,DKL,TCP                      ,LAW                 ,                    ,                    ,40 ,16/01/2559 20:00
,
3400544,SEM ADV PROB R/L  ,3  ,                                                                                ,          ,         ,09/05/2559,1730-2030,1  ,SMNA ,WE,  ,  ,  ,  ,  ,  ,1700-2000,PINIT,1208 ,KSI                          ,                    ,                    ,                    ,50 ,16/01/2559 20:00
,
3400545,COMP INVESTLAW    ,3  ,                                                                                ,          ,         ,          ,TDF      ,1  ,LECT ,FR,  ,  ,  ,  ,  ,  ,1700-2000,PINIT,1106 ,KPD                          ,LAW                 ,                    ,                    ,30 ,16/01/2559 20:00
,
3400546,LAW INT TRADE SERV,3  ,                                                                                ,          ,         ,02/05/2559,1730-2030,1  ,LECT ,MO,  ,  ,  ,  ,  ,  ,1700-2000,PINIT,1106 ,STC,CPN,TRS                  ,                    ,                    ,                    ,50 ,16/01/2559 20:00
,
3400548,LAW INT BUS TRAN  ,3  ,                                                                                ,          ,         ,11/05/2559,1730-2030,1  ,LECT ,TH,  ,  ,  ,  ,  ,  ,1700-2000,PINIT,1208 ,STK,SKK                      ,LAW                 ,                    ,                    ,50 ,16/01/2559 20:00
,
3400549,NEGO/CONT DRAFT   ,3  ,                                                                                ,          ,         ,          ,TDF      ,1  ,LECT ,AR,  ,  ,  ,  ,  ,  ,1730-2030,THEB ,1005 ,KUP,KSM                      ,LAW                 ,                    ,                    ,50 ,16/01/2559 20:00
,
3400551,INTER LAW OF SEA  ,3  ,                                                                                ,          ,         ,16/05/2559,1730-2030,1  ,LECT ,SA,  ,  ,  ,  ,  ,  ,0900-1200,PINIT,1205 ,SSS,CPN                      ,                    ,                    ,                    ,30 ,16/01/2559 20:00
,
3400552,LAW REG ORG       ,3  ,                                                                                ,          ,         ,          ,TDF      ,1  ,LECT ,FR,  ,  ,  ,  ,  ,  ,1700-2000,PINIT,1207 ,VMB                          ,LAW                 ,                    ,                    ,30 ,16/01/2559 20:00
,
3400553,INTER LAW CONT POL,3  ,                                                                                ,          ,         ,16/05/2559,1730-2030,1  ,LECT ,SA,  ,  ,  ,  ,  ,  ,0900-1200,PINIT,1206 ,APP,CSR                      ,                    ,                    ,                    ,30 ,16/01/2559 20:00
,
3400555,LAW ACT INTL SOC  ,3  ,                                                                                ,          ,         ,04/05/2559,1730-2030,1  ,LECT ,TU,  ,  ,  ,  ,  ,  ,1700-2000,PINIT,1205 ,CPN                          ,                    ,                    ,                    ,50 ,16/01/2559 20:00
,
3400556,SEM TAX AGRE      ,3  ,                                                                                ,          ,         ,          ,TDF      ,1  ,LECT ,AR,  ,  ,  ,  ,  ,  ,1730-2030,     ,AR   ,STAFF                        ,                    ,                    ,                    ,50 ,16/01/2559 20:00
,
3400556,SEM TAX AGRE      ,3  ,                                                                                ,          ,         ,          ,TDF      ,2  ,LECT ,AR,  ,  ,  ,  ,  ,  ,AR-AR    ,THEB ,601  ,PTK,PVP                      ,                    ,                    ,                    ,60 ,16/01/2559 20:00
,
3400559,LAW INTER COMMER  ,3  ,                                                                                ,          ,         ,04/05/2559,1730-2030,1  ,LECT ,TU,  ,  ,  ,  ,  ,  ,1700-2000,PINIT,1210 ,VAN,CGG,STAFF                ,LAW                 ,                    ,                    ,30 ,16/01/2559 20:00
,
3400559,LAW INTER COMMER  ,3  ,                                                                                ,          ,         ,04/05/2559,1730-2030,2  ,LECT ,AR,  ,  ,  ,  ,  ,  ,AR-AR    ,     ,AR   ,STAFF                        ,                    ,                    ,                    ,30 ,16/01/2559 20:00
,
3400560,INTER ECON LAW II ,3  ,                                                                                ,          ,         ,13/05/2559,1730-2030,1  ,LECT ,FR,  ,  ,  ,  ,  ,  ,1700-2000,PINIT,1106 ,CWK                          ,                    ,                    ,                    ,50 ,16/01/2559 20:00
,
3400561,INTER CONT        ,3  ,                                                                                ,          ,         ,11/05/2559,1730-2030,1  ,LECT ,TH,  ,  ,  ,  ,  ,  ,1700-2000,PINIT,1208 ,AAN,CNC                      ,                    ,                    ,                    ,50 ,16/01/2559 20:00
,
3400562,SETT TAX DISP     ,3  ,                                                                                ,          ,         ,          ,TDF      ,2  ,LECT ,AR,  ,  ,  ,  ,  ,  ,AR-AR    ,THEB ,AR   ,TCC                          ,F&T LAW ONLY        ,                    ,                    ,50 ,16/01/2559 20:00
,
3400564,INTER TAX LAW     ,3  ,                                                                                ,          ,         ,          ,TDF      ,1  ,LECT ,MO,  ,  ,  ,  ,  ,  ,1730-2030,THEB ,606  ,PTK                          ,                    ,                    ,                    ,65 ,16/01/2559 20:00
,
3400567,CONF LAWS RULES   ,3  ,                                                                                ,          ,         ,02/05/2559,1730-2030,1  ,LECT ,MO,  ,  ,  ,  ,  ,  ,1700-2000,PINIT,1205 ,STAFF                        ,                    ,                    ,                    ,50 ,16/01/2559 20:00
,
3400568,LAW INTER CARRIAGE,3  ,                                                                                ,          ,         ,          ,TDF      ,1  ,LECT ,IA,  ,  ,  ,  ,  ,  ,1700-2000,PINIT,IA   ,CSM,CGG                      ,LAW                 ,                    ,                    ,30 ,16/01/2559 20:00
,
3400571,INTER HUMAN LAW   ,3  ,                                                                                ,          ,         ,09/05/2559,1730-2030,1  ,LECT ,WE,  ,  ,  ,  ,  ,  ,1700-2000,PINIT,1207 ,SSS                          ,                    ,                    ,                    ,50 ,16/01/2559 20:00
,
3400572,ADV BUS TAX PLAN  ,3  ,                                                                                ,          ,         ,          ,TDF      ,2  ,LECT ,TH,  ,  ,  ,  ,  ,  ,1730-2030,THEB ,607  ,KNM,KUP,TCC                  ,                    ,                    ,                    ,60 ,16/01/2559 20:00
,
3400573,SEM TAX LAW       ,3  ,                                                                                ,          ,         ,          ,TDF      ,1  ,SMNA ,AR,  ,  ,  ,  ,  ,  ,1730-2030,     ,AR   ,STAFF                        ,                    ,                    ,                    ,50 ,16/01/2559 20:00
,
3400573,SEM TAX LAW       ,3  ,                                                                                ,          ,         ,          ,TDF      ,3  ,SMNA ,AR,  ,  ,  ,  ,  ,  ,AR-AR    ,THEB ,AR   ,TCC                          ,F&T LAW ONLY        ,                    ,                    ,65 ,16/01/2559 20:00
,
3400574,LAW BUS FIN       ,3  ,                                                                                ,          ,         ,          ,TDF      ,1  ,LECT ,TH,  ,  ,  ,  ,  ,  ,1730-2030,THEB ,1005 ,STAFF                        ,                    ,                    ,                    ,45 ,16/01/2559 20:00
,
3400576,ADV BKCY BUS REHAB,3  ,                                                                                ,          ,         ,          ,TDF      ,1  ,LECT ,AR,  ,  ,  ,  ,  ,  ,AR-AR    ,THEB ,AR   ,STAFF                        ,F&T LAW ONLY        ,                    ,                    ,40 ,16/01/2559 20:00
,
3400577,LAW ON FIN INST   ,3  ,                                                                                ,          ,         ,18/05/2559,1730-2030,1  ,LECT ,MO,  ,  ,  ,  ,  ,  ,1730-2030,THEB ,1005 ,JHN                          ,                    ,                    ,                    ,45 ,16/01/2559 20:00
,
3400582,CRIM JUST ADM I   ,3  ,                                                                                ,          ,         ,09/05/2559,1730-2030,1  ,LECT ,WE,  ,  ,  ,  ,  ,  ,1700-2000,PINIT,1206 ,JHN,VBB                      ,                    ,                    ,                    ,50 ,16/01/2559 20:00
,
3400584,COMP CRIM LAW     ,3  ,                                                                                ,          ,         ,          ,TDF      ,1  ,LECT ,SA,  ,  ,  ,  ,  ,  ,0900-1200,PINIT,AR   ,KCH                          ,                    ,                    ,                    ,50 ,16/01/2559 20:00
,
3400585,ADV CRIM          ,3  ,                                                                                ,          ,         ,04/05/2559,1730-2030,1  ,LECT ,TU,  ,  ,  ,  ,  ,  ,1700-2000,PINIT,1206 ,JHN                          ,LAW                 ,                    ,                    ,50 ,16/01/2559 20:00
,
3400586,ADV CRIM PROC     ,3  ,                                                                                ,          ,         ,02/05/2559,1730-2030,1  ,LECT ,MO,  ,  ,  ,  ,  ,  ,1700-2000,PINIT,1108 ,PSV                          ,                    ,                    ,                    ,50 ,16/01/2559 20:00
,
3400587,COMP CRIM PROCE   ,3  ,                                                                                ,          ,         ,11/05/2559,1730-2030,1  ,LECT ,TH,  ,  ,  ,  ,  ,  ,1700-2000,PINIT,1206 ,PSV                          ,                    ,                    ,                    ,50 ,16/01/2559 20:00
,
3400588,BUSINESS CRIME    ,3  ,                                                                                ,          ,         ,          ,TDF      ,1  ,LECT ,IA,  ,  ,  ,  ,  ,  ,IA-IA    ,     ,IA   ,STAFF                        ,LAW                 ,                    ,                    ,50 ,16/01/2559 20:00
,
3400590,LAW BUS PLAN      ,3  ,                                                                                ,          ,         ,          ,TDF      ,1  ,LECT ,WE,  ,  ,  ,  ,  ,  ,1730-2030,THEB ,607  ,KUP,NLR                      ,                    ,                    ,                    ,60 ,16/01/2559 20:00
,
3400592,INDIVIDUAL STUDY  ,6  ,                                                                                ,          ,         ,          ,TDF      ,1  ,IDPS ,IA,  ,  ,  ,  ,  ,  ,IA-IA    ,THEB ,AR   ,STAFF                        ,F&T LAW ONLY        ,                    ,                    ,60 ,16/01/2559 20:00
,
3400594,PRIN CIV LAW      ,3  ,                                                                                ,          ,         ,13/05/2559,1730-2030,1  ,LECT ,FR,  ,  ,  ,  ,  ,  ,1700-2000,PINIT,1109 ,SSB,APK                      ,                    ,                    ,                    ,120,16/01/2559 20:00
,
3400595,TELECOM BUS LAW   ,3  ,                                                                                ,          ,         ,          ,TDF      ,2  ,LECT ,AR,  ,  ,  ,  ,  ,  ,AR-AR    ,THEB ,AR   ,SYD                          ,F&T LAW ONLY        ,                    ,                    ,60 ,16/01/2559 20:00
,
3400596,PROP TAX          ,3  ,                                                                                ,          ,         ,          ,TDF      ,1  ,LECT ,AR,  ,  ,  ,  ,  ,  ,AR-AR    ,THEB ,604  ,STAFF                        ,                    ,                    ,                    ,70 ,16/01/2559 20:00
,
3400596,PROP TAX          ,3  ,                                                                                ,          ,         ,          ,TDF      ,2  ,LECT ,TU,  ,  ,  ,  ,  ,  ,1730-2030,THEB ,1105 ,SPD                          ,                    ,                    ,                    ,65 ,16/01/2559 20:00
,
3400600,INTL ENVI LAW     ,3  ,                                                                                ,          ,         ,          ,TDF      ,1  ,LECT ,WE,  ,  ,  ,  ,  ,  ,1700-2000,PINIT,AR   ,PSN                          ,LAW                 ,                    ,                    ,30 ,16/01/2559 20:00
,
3400602,SEM ADV PROB PUB  ,3  ,                                                                                ,          ,         ,08/05/2559,1730-2030,1  ,SMNA ,WE,  ,  ,  ,  ,  ,  ,1700-2000,PINIT,1106 ,WKN,KSI                      ,LAW                 ,                    ,                    ,50 ,16/01/2559 20:00
,
3400603,SEM FIN SECUR REG ,3  ,                                                                                ,          ,         ,          ,TDF      ,1  ,LECT ,AR,  ,  ,  ,  ,  ,  ,1730-2030,THEB ,1005 ,TSP,PKK                      ,F&T LAW ONLY        ,                    ,                    ,45 ,16/01/2559 20:00
,
3400604,ENG LEG RES       ,3  ,                                                                                ,          ,         ,          ,TDF      ,7  ,LECT ,TH,  ,  ,  ,  ,  ,  ,1300-1600,THEB ,AR   ,STAFF                        ,                    ,                    ,                    ,30 ,16/01/2559 20:00
,
3400608,SEM TORT LIA      ,3  ,                                                                                ,          ,         ,          ,TDF      ,1  ,SMNA ,TH,  ,  ,  ,  ,  ,  ,1700-2000,PINIT,1209 ,SSB,APK                      ,                    ,                    ,                    ,80 ,16/01/2559 20:00
,
3400610,INTRO LOS/LRMA    ,3  ,                                                                                ,          ,         ,          ,TDF      ,1  ,LECT ,SA,  ,  ,  ,  ,  ,  ,0900-1200,CHALE,611  ,SSS                          ,                    ,                    ,                    ,30 ,16/01/2559 20:00
,
3400612,COOP CONF RES     ,3  ,                                                                                ,          ,         ,          ,TDF      ,1  ,LECT ,SA,  ,  ,  ,  ,  ,  ,0900-1200,     ,AR   ,STAFF                        ,                    ,                    ,                    ,60 ,16/01/2559 20:00
,
3400617,COMP EVID LAW     ,3  ,                                                                                ,          ,         ,          ,TDF      ,1  ,LECT ,FR,  ,  ,  ,  ,  ,  ,1700-2000,PINIT,AR   ,PWC,MWK                      ,LAW                 ,                    ,                    ,80 ,16/01/2559 20:00
,
3400617,COMP EVID LAW     ,3  ,                                                                                ,          ,         ,          ,TDF      ,1  ,LECT ,SA,  ,  ,  ,  ,  ,  ,1300-1600,PINIT,AR   ,PWC,MWK                      ,                    ,                    ,                    ,80 ,16/01/2559 20:00
,
3400620,ENG LAWYER        ,3  ,                                                                                ,          ,         ,04/05/2559,1730-2030,1  ,SMNA ,TU,  ,  ,  ,  ,  ,  ,1700-2000,PINIT,1107 ,STAFF                        ,                    ,                    ,                    ,50 ,16/01/2559 20:00
,
3400622,LEGAL PHIL        ,3  ,                                                                                ,          ,         ,17/05/2559,1730-2030,1  ,LECT ,SA,  ,  ,  ,  ,  ,  ,1300-1600,PINIT,907  ,APR                          ,LAW                 ,                    ,                    ,120,16/01/2559 20:00
,
3400624,RES METHO IN LAW  ,2  ,                                                                                ,          ,         ,          ,TDF      ,1  ,LECT ,TU,  ,  ,  ,  ,  ,  ,1700-1900,PINIT,IA   ,CPN,KSI                      ,LAW                 ,                    ,                    ,100,16/01/2559 20:00
,
3400624,RES METHO IN LAW  ,2  ,                                                                                ,          ,         ,          ,TDF      ,2  ,LECT ,TU,  ,  ,  ,  ,  ,  ,1700-1900,PINIT,IA   ,CPN,KSI                      ,LAW                 ,                    ,                    ,50 ,16/01/2559 20:00
,
3400624,RES METHO IN LAW  ,2  ,                                                                                ,          ,         ,          ,TDF      ,3  ,LECT ,TU,  ,  ,  ,  ,  ,  ,1700-1900,PINIT,IA   ,CPN,KSI                      ,LAW                 ,                    ,                    ,50 ,16/01/2559 20:00
,
3400624,RES METHO IN LAW  ,2  ,                                                                                ,          ,         ,          ,TDF      ,4  ,LECT ,TU,  ,  ,  ,  ,  ,  ,1700-1900,PINIT,IA   ,KSI,CPN                      ,LAW                 ,                    ,                    ,65 ,16/01/2559 20:00
,
3400624,RES METHO IN LAW  ,2  ,                                                                                ,          ,         ,          ,TDF      ,5  ,LECT ,FR,  ,  ,  ,  ,  ,  ,1730-2030,THEB ,1005 ,PKK                          ,                    ,                    ,                    ,65 ,16/01/2559 20:00
,
3400629,LEG SYS ASEAN     ,3  ,                                                                                ,          ,         ,11/05/2559,1730-2030,1  ,LECT ,TH,  ,  ,  ,  ,  ,  ,1700-2000,PINIT,1210 ,PNS,TSK                      ,LAW                 ,                    ,                    ,50 ,16/01/2559 20:00
,
3400636,MOD TH LEG HIST   ,3  ,                                                                                ,          ,         ,04/05/2559,1730-2030,1  ,LECT ,TU,  ,  ,  ,  ,  ,  ,1700-2000,PINIT,1105 ,KCH,CJP                      ,LAW                 ,                    ,                    ,50 ,16/01/2559 20:00
,
3400675,LAW TREATY        ,3  ,                                                                                ,          ,         ,02/05/2559,1730-2030,1  ,LECT ,MO,  ,  ,  ,  ,  ,  ,1700-2000,PINIT,1105 ,WIN                          ,LAW                 ,                    ,                    ,30 ,16/01/2559 20:00
,
3400677,COMP BUS REORG LAW,3  ,                                                                                ,          ,         ,          ,TDF      ,2  ,LECT ,SA,  ,  ,  ,  ,  ,  ,0900-1200,THEB ,AR   ,STAFF                        ,F&T LAW ONLY        ,                    ,                    ,60 ,16/01/2559 20:00
,
3400712,SEM PUB LAW/JUR   ,3  ,                                                                                ,          ,         ,          ,TDF      ,1  ,DISC ,TU,  ,  ,  ,  ,  ,  ,1700-2000,PINIT,1106 ,CSB                          ,LAW                 ,                    ,                    ,50 ,16/01/2559 20:00
,
3400714,CONSUMPTION TAX   ,3  ,                                                                                ,          ,         ,09/05/2559,0900-1200,1  ,LECT ,AR,  ,  ,  ,  ,  ,  ,AR-AR    ,THEB ,604  ,STAFF                        ,                    ,                    ,                    ,70 ,16/01/2559 20:00
,
3400714,CONSUMPTION TAX   ,3  ,                                                                                ,          ,         ,09/05/2559,0900-1200,2  ,LECT ,TH,  ,  ,  ,  ,  ,  ,1730-2030,THEB ,606  ,STAFF                        ,                    ,                    ,                    ,65 ,16/01/2559 20:00
,
3400722,SEM PRIV/BUS LAW  ,3  ,                                                                                ,          ,         ,          ,TDF      ,1  ,DISC ,TU,  ,  ,  ,  ,  ,  ,1700-2000,PINIT,1206 ,PKB                          ,LAW                 ,                    ,                    ,50 ,16/01/2559 20:00
,
3400728,COMP LAW          ,3  ,                                                                                ,          ,         ,          ,TDF      ,1  ,LECT ,AR,  ,  ,  ,  ,  ,  ,1730-2030,     ,AR   ,STAFF                        ,                    ,                    ,                    ,50 ,16/01/2559 20:00
,
3400729,TAX LAW BUS       ,3  ,                                                                                ,          ,         ,07/05/2559,1730-2030,1  ,LECT ,AR,  ,  ,  ,  ,  ,  ,AR-AR    ,THEB ,905  ,STAFF                        ,                    ,                    ,                    ,80 ,16/01/2559 20:00
,
3400733,INTER ECON LAW I  ,3  ,                                                                                ,          ,         ,04/05/2559,1730-2030,1  ,LECT ,TU,  ,  ,  ,  ,  ,  ,1700-2000,PINIT,1207 ,TRS                          ,                    ,                    ,                    ,50 ,16/01/2559 20:00
,
3400734,INTER ECON LAW III,3  ,                                                                                ,          ,         ,11/05/2559,1730-2030,1  ,LECT ,TH,  ,  ,  ,  ,  ,  ,1700-2000,PINIT,1207 ,ANL,STC                      ,                    ,                    ,                    ,30 ,16/01/2559 20:00
,
3400736,SEM INTER LAW     ,3  ,                                                                                ,          ,         ,          ,TDF      ,1  ,DISC ,TU,  ,  ,  ,  ,  ,  ,1700-2000,PINIT,1209 ,SSS                          ,LAW                 ,                    ,                    ,50 ,16/01/2559 20:00
,
3400741,SE CRI LAW/JUS ADM,3  ,                                                                                ,          ,         ,          ,TDF      ,1  ,DISC ,TU,  ,  ,  ,  ,  ,  ,1700-2000,PINIT,1108 ,AAW                          ,LAW                 ,                    ,                    ,50 ,16/01/2559 20:00
,
3400758,ADV CIV PROC LAW  ,3  ,                                                                                ,          ,         ,04/05/2559,1730-2030,1  ,LECT ,TU,  ,  ,  ,  ,  ,  ,1700-2000,PINIT,1109 ,TKP,WBB                      ,                    ,                    ,                    ,50 ,16/01/2559 20:00
,
3400759,ADV SEC REG       ,3  ,                                                                                ,          ,         ,          ,TDF      ,1  ,LECT ,AR,  ,  ,  ,  ,  ,  ,AR-AR    ,THEB ,1105 ,STAFF                        ,                    ,                    ,                    ,30 ,16/01/2559 20:00
,
3400759,ADV SEC REG       ,3  ,                                                                                ,          ,         ,          ,TDF      ,2  ,LECT ,TU,  ,  ,  ,  ,  ,  ,1730-2030,THEB ,1005 ,STAFF                        ,                    ,                    ,                    ,45 ,16/01/2559 20:00
,
3400765,LAW BUS ORG/MGT   ,3  ,                                                                                ,          ,         ,17/05/2559,0900-1200,1  ,LECT ,AR,  ,  ,  ,  ,  ,  ,AR-AR    ,THEB ,905  ,SJW,SYD,SMK                  ,                    ,                    ,                    ,80 ,16/01/2559 20:00
,
3400766,TAX AND BUSINESS  ,3  ,                                                                                ,          ,         ,          ,TDF      ,1  ,LECT ,AR,  ,  ,  ,  ,  ,  ,AR-AR    ,THEB ,604  ,PTK,SPD                      ,                    ,                    ,                    ,80 ,16/01/2559 20:00
,
3400767,LAW REL INTER BUS ,3  ,                                                                                ,          ,         ,09/05/2559,1300-1600,1  ,LECT ,AR,  ,  ,  ,  ,  ,  ,AR-AR    ,THEB ,604  ,STK,AAN                      ,                    ,                    ,                    ,80 ,16/01/2559 20:00
,
3400768,SETTLE DISPUTE BUS,3  ,                                                                                ,          ,         ,07/05/2559,0900-1200,1  ,LECT ,AR,  ,  ,  ,  ,  ,  ,AR-AR    ,THEB ,604  ,VAN,PHK                      ,                    ,                    ,                    ,80 ,16/01/2559 20:00
,
3400772,BUS TAX PLAN      ,3  ,                                                                                ,          ,         ,17/05/2559,1300-1600,1  ,LECT ,AR,  ,  ,  ,  ,  ,  ,AR-AR    ,THEB ,607  ,STAFF                        ,                    ,                    ,                    ,50 ,16/01/2559 20:00
,
3400774,LAW MKT PLAN      ,3  ,                                                                                ,          ,         ,07/05/2559,0900-1200,1  ,LECT ,AR,  ,  ,  ,  ,  ,  ,AR-AR    ,THEB ,607  ,SSN                          ,                    ,                    ,                    ,30 ,16/01/2559 20:00
,
3400775,LAW REL IND/LABOUR,3  ,                                                                                ,          ,         ,14/05/2559,1730-2030,1  ,LECT ,AR,  ,  ,  ,  ,  ,  ,AR-AR    ,THEB ,607  ,KVV,SWW                      ,                    ,                    ,                    ,60 ,16/01/2559 20:00
,
3400776,LAW REL COM CREDIT,3  ,                                                                                ,          ,         ,          ,TDF      ,1  ,LECT ,AR,  ,  ,  ,  ,  ,  ,AR-AR    ,THEB ,607  ,STAFF                        ,                    ,                    ,                    ,50 ,16/01/2559 20:00
,
3400779,LAW BUS PLAN      ,3  ,                                                                                ,          ,         ,13/05/2559,1730-2030,1  ,LECT ,AR,  ,  ,  ,  ,  ,  ,AR-AR    ,THEB ,607  ,KUP,NLR                      ,                    ,                    ,                    ,50 ,16/01/2559 20:00
,
3400782,INTELLECT PROP    ,3  ,                                                                                ,          ,         ,14/05/2559,1730-2030,1  ,LECT ,AR,  ,  ,  ,  ,  ,  ,AR-AR    ,THEB ,604  ,STAFF                        ,                    ,                    ,                    ,30 ,16/01/2559 20:00
,
3400784,INDL ECON/BUS LAW ,3  ,                                                                                ,          ,         ,          ,TDF      ,1  ,LECT ,AR,  ,  ,  ,  ,  ,  ,AR-AR    ,     ,AR   ,STAFF                        ,MAL1                ,                    ,                    ,80 ,16/01/2559 20:00
,
3400792,LAW SEMINAR       ,3  ,                                                                                ,          ,         ,          ,TDF      ,1  ,LECT ,SA,  ,  ,  ,  ,  ,  ,0900-1200,THEB ,AR   ,APR                          ,J.S.D LAWS          ,                    ,                    ,30 ,16/01/2559 20:00
,
3400796,ANTI-MOY-LDRG LAW ,3  ,                                                                                ,          ,         ,02/05/2559,1730-2030,1  ,LECT ,MO,  ,  ,  ,  ,  ,  ,1700-2000,PINIT,1109 ,VBB                          ,                    ,                    ,                    ,60 ,16/01/2559 20:00
,
3400810,THESIS            ,9  ,                                                                                ,          ,         ,          ,TDF      ,1  ,LECT ,IA,  ,  ,  ,  ,  ,  ,IA-IA    ,     ,IA   ,STAFF                        ,LAW                 ,                    ,                    ,200,16/01/2559 20:00
,
3400811,THESIS            ,12 ,                                                                                ,          ,         ,          ,TDF      ,1  ,IDPS ,IA,  ,  ,  ,  ,  ,  ,IA-IA    ,     ,IA   ,STAFF                        ,LAW                 ,                    ,                    ,200,16/01/2559 20:00
,
3400811,THESIS            ,12 ,                                                                                ,          ,         ,          ,TDF      ,2  ,IDPS ,IA,  ,  ,  ,  ,  ,  ,IA-IA    ,THEB ,AR   ,STAFF                        ,F&T LAW ONLY        ,                    ,                    ,30 ,16/01/2559 20:00
,
3400828,DISSERTATION      ,48 ,                                                                                ,          ,         ,          ,TDF      ,1  ,IDPS ,IA,  ,  ,  ,  ,  ,  ,IA-IA    ,     ,IA   ,STAFF                        ,J.S.D LAWS          ,                    ,                    ,30 ,16/01/2559 20:00
,
3400894,DOC DISSERT SEM   ,0  ,                                                                                ,          ,         ,          ,TDF      ,1  ,LECT ,IA,  ,  ,  ,  ,  ,  ,IA-IA    ,     ,IA   ,STAFF                        ,JSD LAWS            ,                    ,                    ,30 ,16/01/2559 20:00
,
3400896,COMPREHENSIVE EXAM,0  ,                                                                                ,          ,         ,          ,TDF      ,1  ,LECT ,IA,  ,  ,  ,  ,  ,  ,IA-IA    ,     ,IA   ,STAFF                        ,MALI                ,                    ,                    ,80 ,16/01/2559 20:00
,
3400896,COMPREHENSIVE EXAM,0  ,                                                                                ,          ,         ,          ,TDF      ,3  ,LECT ,IA,  ,  ,  ,  ,  ,  ,IA-IA    ,THEB ,IA   ,STAFF                        ,F&T LAW ONLY        ,                    ,                    ,60 ,16/01/2559 20:00
,
3400897,QUALIFYING EXAM   ,0  ,                                                                                ,          ,         ,          ,TDF      ,1  ,LECT ,IA,  ,  ,  ,  ,  ,  ,IA-IA    ,     ,IA   ,STAFF                        ,J.S.D.LAWS          ,                    ,                    ,30 ,16/01/2559 20:00
,
3400902,AVIATION LAW      ,3  ,2600601/2600602 OR C.F.                                                         ,          ,         ,          ,TDF      ,20 ,LECT ,SA,  ,  ,  ,  ,  ,  ,0900-1200,     ,IA   ,STAFF                        ,                    ,                    ,                    ,62 ,16/01/2559 20:00
,
3401101,PROPERTY LAW      ,3  ,                                                                                ,04/03/2559,1000-1300,18/05/2559,1300-1530,1  ,LECT ,TU,  ,  ,  ,  ,  ,  ,0900-1200,PINIT,505  ,KPT                          ,                    ,                    ,                    ,90 ,16/01/2559 20:00
,
3401101,PROPERTY LAW      ,3  ,                                                                                ,04/03/2559,1000-1300,18/05/2559,1300-1530,2  ,LECT ,TU,  ,  ,  ,  ,  ,  ,1000-1130,PINIT,906  ,CKB                          ,                    ,                    ,                    ,90 ,16/01/2559 20:00
,
3401101,PROPERTY LAW      ,3  ,                                                                                ,04/03/2559,1000-1300,18/05/2559,1300-1530,2  ,LECT ,FR,  ,  ,  ,  ,  ,  ,1300-1430,PINIT,906  ,CKB                          ,                    ,                    ,                    ,90 ,16/01/2559 20:00
,
3401101,PROPERTY LAW      ,3  ,                                                                                ,04/03/2559,1000-1300,18/05/2559,1300-1530,3  ,LECT ,TU,  ,  ,  ,  ,  ,  ,0900-1200,PINIT,907  ,MWS                          ,                    ,                    ,                    ,90 ,16/01/2559 20:00
,
3401104,FAMILY LAW        ,2  ,                                                                                ,02/03/2559,0830-1030,16/05/2559,0900-1130,1  ,LECT ,MO,  ,  ,  ,  ,  ,  ,1000-1200,PINIT,906  ,PBD                          ,                    ,                    ,                    ,140,16/01/2559 20:00
,
3401104,FAMILY LAW        ,2  ,                                                                                ,02/03/2559,0830-1030,16/05/2559,0900-1130,2  ,LECT ,MO,  ,  ,  ,  ,  ,  ,1000-1200,PINIT,505  ,STAFF                        ,                    ,                    ,                    ,140,16/01/2559 20:00
,
3401104,FAMILY LAW        ,2  ,                                                                                ,02/03/2559,0830-1030,16/05/2559,0900-1130,5  ,LECT ,MO,  ,  ,  ,  ,  ,  ,1800-2030,PINIT,1007 ,PBD                          ,LL.B.(GRAD)         ,                    ,                    ,90 ,16/01/2559 20:00
,
3401110,SOURC OBLIGAT I   ,3  ,                                                                                ,01/03/2559,0830-1030,04/05/2559,0900-1130,1  ,LECT ,FR,  ,  ,  ,  ,  ,  ,0900-1200,PINIT,1109 ,SMK                          ,                    ,                    ,                    ,70 ,16/01/2559 20:00
,
3401110,SOURC OBLIGAT I   ,3  ,                                                                                ,01/03/2559,0830-1030,04/05/2559,0900-1130,2  ,LECT ,TU,  ,  ,  ,  ,  ,  ,1300-1430,PINIT,907  ,SSB                          ,                    ,                    ,                    ,70 ,16/01/2559 20:00
,
3401110,SOURC OBLIGAT I   ,3  ,                                                                                ,01/03/2559,0830-1030,04/05/2559,0900-1130,3  ,LECT ,TU,  ,  ,  ,  ,  ,  ,1300-1600,THEB ,904  ,APK                          ,                    ,                    ,                    ,70 ,16/01/2559 20:00
,
3401110,SOURC OBLIGAT I   ,3  ,                                                                                ,01/03/2559,0830-1030,04/05/2559,0900-1130,4  ,LECT ,TU,  ,  ,  ,  ,  ,  ,1300-1600,PINIT,1109 ,SKK                          ,                    ,                    ,                    ,70 ,16/01/2559 20:00
,
3401120,SOURC OBLIGAT I   ,3  ,                                                                                ,          ,         ,08/05/2559,0900-1130,1  ,LECT ,FR,  ,  ,  ,  ,  ,  ,0900-1200,PINIT,1109 ,SMK                          ,534XXXXX34 ONLY     ,                    ,                    ,5  ,16/01/2559 20:00
,
3401120,SOURC OBLIGAT I   ,3  ,                                                                                ,          ,         ,08/05/2559,0900-1130,2  ,LECT ,TU,  ,  ,  ,  ,  ,  ,1300-1430,PINIT,907  ,SSB                          ,534XXXXX34 ONLY     ,                    ,                    ,5  ,16/01/2559 20:00
,
3401120,SOURC OBLIGAT I   ,3  ,                                                                                ,          ,         ,08/05/2559,0900-1130,3  ,LECT ,TU,  ,  ,  ,  ,  ,  ,1300-1600,THEB ,904  ,APK                          ,                    ,                    ,                    ,5  ,16/01/2559 20:00
,
3401120,SOURC OBLIGAT I   ,3  ,                                                                                ,          ,         ,08/05/2559,0900-1130,4  ,LECT ,TU,  ,  ,  ,  ,  ,  ,1300-1600,PINIT,1109 ,SKK                          ,                    ,                    ,                    ,5  ,16/01/2559 20:00
,
3401121,PROPERTY LAW      ,3  ,                                                                                ,          ,         ,12/05/2559,1300-1530,1  ,LECT ,TU,  ,  ,  ,  ,  ,  ,0900-1200,PINIT,505  ,KPT                          ,                    ,                    ,                    ,10 ,16/01/2559 20:00
,
3401121,PROPERTY LAW      ,3  ,                                                                                ,          ,         ,12/05/2559,1300-1530,2  ,LECT ,TU,  ,  ,  ,  ,  ,  ,1000-1130,PINIT,906  ,CKB                          ,                    ,                    ,                    ,10 ,16/01/2559 20:00
,
3401121,PROPERTY LAW      ,3  ,                                                                                ,          ,         ,12/05/2559,1300-1530,2  ,LECT ,FR,  ,  ,  ,  ,  ,  ,1300-1430,PINIT,906  ,CKB                          ,                    ,                    ,                    ,10 ,16/01/2559 20:00
,
3401121,PROPERTY LAW      ,3  ,                                                                                ,          ,         ,12/05/2559,1300-1530,3  ,LECT ,TU,  ,  ,  ,  ,  ,  ,0900-1200,PINIT,907  ,MJP                          ,                    ,                    ,                    ,10 ,16/01/2559 20:00
,
3401122,PERSON FAMILY LAW ,3  ,                                                                                ,          ,         ,          ,TDF      ,1  ,LECT ,AR,  ,  ,  ,  ,  ,  ,AR-AR    ,PINIT,906  ,PBD,APK                      ,                    ,                    ,                    ,139,16/01/2559 20:00
,
3401122,PERSON FAMILY LAW ,3  ,                                                                                ,          ,         ,          ,TDF      ,2  ,LECT ,AR,  ,  ,  ,  ,  ,  ,AR-AR    ,PINIT,505  ,WCV,CJP                      ,                    ,                    ,                    ,139,16/01/2559 20:00
,
3401124,INTRO IP LAW      ,3  ,                                                                                ,          ,         ,          ,TDF      ,1  ,LECT ,TU,  ,  ,  ,  ,  ,  ,0900-1100,THEB ,1205 ,CNC                          ,GENED-SO            ,                    ,                    ,60 ,16/01/2559 20:00
,
3401124,INTRO IP LAW      ,3  ,                                                                                ,          ,         ,          ,TDF      ,1  ,DISC ,TU,  ,  ,  ,  ,  ,  ,1100-1200,THEB ,1205 ,CNC                          ,                    ,                    ,                    ,60 ,16/01/2559 20:00
,
3401124,INTRO IP LAW      ,3  ,                                                                                ,          ,         ,          ,TDF      ,3  ,LECT ,WE,  ,  ,  ,  ,  ,  ,1300-1500,PINIT,1106 ,KBN                          ,GENED-SO            ,                    ,                    ,40 ,16/01/2559 20:00
,
3401124,INTRO IP LAW      ,3  ,                                                                                ,          ,         ,          ,TDF      ,3  ,DISC ,WE,  ,  ,  ,  ,  ,  ,1500-1600,PINIT,1106 ,KBN                          ,                    ,                    ,                    ,40 ,16/01/2559 20:00
,
3401201,SUCCESSION LAW    ,3  ,                                                                                ,          ,         ,          ,TDF      ,5  ,LECT ,MO,  ,  ,  ,  ,  ,  ,1800-2100,PINIT,1007 ,STAFF                        ,                    ,                    ,                    ,120,16/01/2559 20:00
,
3401202,EFFECT OBLIGAT    ,3  ,                                                                                ,          ,         ,          ,TDF      ,5  ,LECT ,FR,  ,  ,  ,  ,  ,  ,1800-2100,PINIT,906  ,JPK                          ,LL.B.(GRAD.)        ,                    ,                    ,80 ,16/01/2559 20:00
,
3401203,SUCCESSION LAW    ,2  ,                                                                                ,          ,         ,          ,TDF      ,5  ,LECT ,MO,  ,  ,  ,  ,  ,  ,1800-2100,PINIT,1007 ,STAFF                        ,                    ,                    ,                    ,5  ,16/01/2559 20:00
,
3401204,LOAN SEC TRANS    ,3  ,                                                                                ,01/03/2559,1300-1500,10/05/2559,0900-1100,1  ,LECT ,MO,  ,  ,  ,  ,  ,  ,0900-1200,PINIT,907  ,PKB,CGG                      ,                    ,                    ,                    ,135,16/01/2559 20:00
,
3401204,LOAN SEC TRANS    ,3  ,                                                                                ,01/03/2559,1300-1500,10/05/2559,0900-1100,2  ,LECT ,MO,  ,  ,  ,  ,  ,  ,0900-1200,THEB ,904  ,KBN                          ,                    ,                    ,                    ,135,16/01/2559 20:00
,
3401205,LOAN SECU TRANSAC ,2  ,                                                                                ,          ,         ,13/05/2559,0900-1130,1  ,LECT ,MO,  ,  ,  ,  ,  ,  ,0900-1200,THEB ,904  ,DSR,PNP                      ,                    ,                    ,                    ,5  ,16/01/2559 20:00
,
3401205,LOAN SECU TRANSAC ,2  ,                                                                                ,          ,         ,13/05/2559,0900-1130,2  ,LECT ,MO,  ,  ,  ,  ,  ,  ,0900-1200,PINIT,907  ,CGG,PKB                      ,524XXXXX34 -        ,534XXXXX34 ONLY     ,                    ,5  ,16/01/2559 20:00
,
3401206,SPE CONTRACT I    ,3  ,                                                                                ,          ,         ,          ,TDF      ,5  ,LECT ,TU,  ,  ,  ,  ,  ,  ,1800-2100,PINIT,906  ,CVT,SMK                      ,LL.B.(GRAD.)        ,                    ,                    ,10 ,16/01/2559 20:00
,
3401207,SPE CONTRACT II   ,2  ,                                                                                ,          ,         ,          ,TDF      ,1  ,LECT ,FR,  ,  ,  ,  ,  ,  ,1300-1600,PINIT,505  ,TCC,SKK                      ,                    ,                    ,                    ,5  ,16/01/2559 20:00
,
3401208,SPEC CONTRACT I   ,3  ,                                                                                ,          ,         ,          ,TDF      ,5  ,LECT ,TU,  ,  ,  ,  ,  ,  ,1800-2100,PINIT,906  ,CVT,SMK                      ,LL.B.(GRAD.)        ,                    ,                    ,90 ,16/01/2559 20:00
,
3401209,SPEC CONTRACT II  ,3  ,                                                                                ,02/03/2559,1300-1500,17/05/2559,1300-1700,1  ,LECT ,FR,  ,  ,  ,  ,  ,  ,1300-1600,PINIT,505  ,TCC,SKK                      ,                    ,                    ,                    ,270,16/01/2559 20:00
,
3401210,SOURC OBLIGAT II  ,3  ,                                                                                ,          ,         ,          ,TDF      ,5  ,LECT ,SA,  ,  ,  ,  ,  ,  ,0900-1200,PINIT,1005 ,PKB                          ,LL.B.(GRAD.)        ,                    ,                    ,80 ,16/01/2559 20:00
,
3401211,INHERITANCE LAW   ,2  ,                                                                                ,          ,         ,          ,TDF      ,5  ,LECT ,SA,  ,  ,  ,  ,  ,  ,1300-1500,PINIT,1006 ,PKS                          ,LL.B.(GRADE)        ,584XXXXX34 ONLY     ,                    ,100,16/01/2559 20:00
,
3401221,SOURC OBLIGAT II  ,3  ,                                                                                ,          ,         ,          ,TDF      ,5  ,LECT ,SA,  ,  ,  ,  ,  ,  ,0900-1200,PINIT,1005 ,PKB                          ,LL.B.(GRAD.)        ,                    ,                    ,10 ,16/01/2559 20:00
,
3401233,INSURANCE LAW     ,2  ,                                                                                ,02/03/2559,1300-1500,03/05/2559,1300-1600,1  ,LECT ,TH,  ,  ,  ,  ,  ,  ,1300-1500,THEB ,604  ,PKK                          ,                    ,                    ,                    ,60 ,16/01/2559 20:00
,
3401234,INTRO BUS LAW     ,3  ,                                                                                ,          ,         ,          ,TDF      ,1  ,LECT ,MO,  ,  ,  ,  ,  ,  ,1300-1600,THEB ,604  ,CPN                          ,                    ,                    ,                    ,40 ,16/01/2559 20:00
,
3401256,BUSINESS LAW II   ,3  ,                                                                                ,          ,         ,          ,TDF      ,1  ,LECT ,MO,  ,  ,  ,  ,  ,  ,1300-1600,COM3 ,304  ,MJP                          ,                    ,                    ,                    ,170,16/01/2559 20:00
,
3401256,BUSINESS LAW II   ,3  ,                                                                                ,          ,         ,          ,TDF      ,2  ,LECT ,MO,  ,  ,  ,  ,  ,  ,1300-1600,COM2 ,215  ,KPT                          ,                    ,                    ,                    ,170,16/01/2559 20:00
,
3401256,BUSINESS LAW II   ,3  ,                                                                                ,          ,         ,          ,TDF      ,3  ,LECT ,MO,  ,  ,  ,  ,  ,  ,1300-1600,MAHIT,412  ,WRD,TTN                      ,                    ,                    ,                    ,170,16/01/2559 20:00
,
3401303,TAXATION          ,3  ,                                                                                ,04/03/2559,1300-1500,18/05/2559,1300-1530,1  ,LECT ,TU,  ,  ,  ,  ,  ,  ,0800-0930,PINIT,905  ,TCC                          ,                    ,                    ,                    ,80 ,16/01/2559 20:00
,
3401303,TAXATION          ,3  ,                                                                                ,04/03/2559,1300-1500,18/05/2559,1300-1530,1  ,LECT ,TH,  ,  ,  ,  ,  ,  ,1300-1430,PINIT,905  ,TCC                          ,                    ,                    ,                    ,80 ,16/01/2559 20:00
,
3401303,TAXATION          ,3  ,                                                                                ,04/03/2559,1300-1500,18/05/2559,1300-1530,2  ,LECT ,WE,  ,  ,  ,  ,  ,  ,1400-1700,PINIT,905  ,KNM                          ,                    ,                    ,                    ,80 ,16/01/2559 20:00
,
3401303,TAXATION          ,3  ,                                                                                ,04/03/2559,1300-1500,18/05/2559,1300-1530,3  ,LECT ,WE,  ,  ,  ,  ,  ,  ,1300-1600,PINIT,906  ,STAFF                        ,                    ,                    ,                    ,80 ,16/01/2559 20:00
,
3401303,TAXATION          ,3  ,                                                                                ,04/03/2559,1300-1500,18/05/2559,1300-1530,5  ,LECT ,TU,  ,  ,  ,  ,  ,  ,1800-2100,PINIT,907  ,KNM                          ,LL.B.(GRAD.)        ,                    ,                    ,120,16/01/2559 20:00
,
3401432,INSURANCE LAW     ,2  ,                                                                                ,04/03/2559,0830-1000,02/05/2559,0900-1100,1  ,LECT ,FR,  ,  ,  ,  ,  ,  ,1000-1200,PINIT,1105 ,PKK                          ,                    ,                    ,                    ,40 ,16/01/2559 20:00
,
3401434,INTELL PROP LAW   ,2  ,                                                                                ,03/03/2559,1300-1500,04/05/2559,0900-1100,1  ,LECT ,TU,  ,  ,  ,  ,  ,  ,1500-1700,PINIT,906  ,BTV,OPN                      ,                    ,                    ,                    ,150,16/01/2559 20:00
,
3401435,ANTI TRUST LAW    ,2  ,                                                                                ,04/03/2559,0830-1000,18/05/2559,0900-1100,1  ,LECT ,MO,  ,  ,  ,  ,  ,  ,1000-1200,PINIT,1109 ,WWP                          ,                    ,                    ,                    ,80 ,16/01/2559 20:00
,
3401435,ANTI TRUST LAW    ,2  ,                                                                                ,04/03/2559,0830-1000,18/05/2559,0900-1100,2  ,LECT ,MO,  ,  ,  ,  ,  ,  ,1000-1200,PINIT,905  ,STC                          ,                    ,                    ,                    ,80 ,16/01/2559 20:00
,
3401436,SEM BUS LAW       ,2  ,                                                                                ,03/03/2559,0830-1030,10/05/2559,1300-1500,1  ,LECT ,WE,  ,  ,  ,  ,  ,  ,1500-1700,PINIT,907  ,CBN,SMK                      ,                    ,                    ,                    ,150,16/01/2559 20:00
,
3401436,SEM BUS LAW       ,2  ,                                                                                ,03/03/2559,0830-1030,10/05/2559,1300-1500,5  ,LECT ,TH,  ,  ,  ,  ,  ,  ,1730-1930,PINIT,905  ,CBN,SMK                      ,LL.B.(GRAD.)        ,                    ,                    ,60 ,16/01/2559 20:00
,
3401439,NEGO LAWYERS      ,2  ,                                                                                ,          ,         ,          ,TDF      ,5  ,LECT ,TH,  ,  ,  ,  ,  ,  ,1930-2130,     ,AR   ,KSM,PPV,SKK                  ,                    ,                    ,                    ,30 ,16/01/2559 20:00
,
3401451,SEM IP LAW        ,2  ,3401434                                                                         ,          ,         ,          ,TDF      ,1  ,SMNA ,AR,  ,  ,  ,  ,  ,  ,AR-AR    ,PINIT,1107 ,STAFF                        ,                    ,                    ,                    ,1  ,16/01/2559 20:00
,
3401470,LAW DERIVATIVES   ,2  ,                                                                                ,          ,         ,02/05/2559,1300-1500,1  ,LECT ,TH,  ,  ,  ,  ,  ,  ,1000-1200,THEB ,1005 ,TBM                          ,                    ,                    ,                    ,60 ,16/01/2559 20:00
,
3401480,STRUC FINAN INVEST,2  ,                                                                                ,          ,         ,03/05/2559,1300-1500,1  ,LECT ,FR,  ,  ,  ,  ,  ,  ,1000-1200,PINIT,1108 ,SBS,STK                      ,544XXXXX34 ONLY     ,                    ,                    ,40 ,16/01/2559 20:00
,
3401480,STRUC FINAN INVEST,2  ,                                                                                ,          ,         ,03/05/2559,1300-1500,5  ,LECT ,WE,  ,  ,  ,  ,  ,  ,1930-2130,PINIT,907  ,STAFF                        ,LL.B.(GRAD.)        ,                    ,                    ,60 ,16/01/2559 20:00
,
3402102,CRIM LAW SPE OFFEN,3  ,                                                                                ,29/02/2559,1300-1500,16/05/2559,1300-1530,1  ,LECT ,MO,  ,  ,  ,  ,  ,  ,1300-1430,PINIT,907  ,KCH                          ,                    ,                    ,                    ,135,16/01/2559 20:00
,
3402102,CRIM LAW SPE OFFEN,3  ,                                                                                ,29/02/2559,1300-1500,16/05/2559,1300-1530,1  ,LECT ,FR,  ,  ,  ,  ,  ,  ,1000-1130,PINIT,907  ,KCH                          ,                    ,                    ,                    ,135,16/01/2559 20:00
,
3402102,CRIM LAW SPE OFFEN,3  ,                                                                                ,29/02/2559,1300-1500,16/05/2559,1300-1530,2  ,LECT ,FR,  ,  ,  ,  ,  ,  ,0900-1200,PINIT,906  ,TTN,CJP                      ,                    ,                    ,                    ,135,16/01/2559 20:00
,
3402114,CRIM LAW II (POL) ,3  ,                                                                                ,          ,         ,          ,TDF      ,1  ,LECT ,WE,  ,  ,  ,  ,  ,  ,0900-1200,PINIT,1106 ,MJR                          ,POLITICAL SCIENCE   ,                    ,                    ,20 ,16/01/2559 20:00
,
3402430,SEM CRIM LAW      ,2  ,                                                                                ,          ,         ,          ,TDF      ,5  ,LECT ,TH,  ,  ,  ,  ,  ,  ,1730-1930,PINIT,906  ,VBB,KPW                      ,LL.B.(GRAD)         ,                    ,                    ,60 ,16/01/2559 20:00
,
3402431,BUSINESS CRIME    ,2  ,                                                                                ,02/03/2559,0830-1000,13/05/2559,0900-1100,1  ,LECT ,TH,  ,  ,  ,  ,  ,  ,1500-1700,PINIT,906  ,VBB                          ,                    ,                    ,                    ,150,16/01/2559 20:00
,
3402431,BUSINESS CRIME    ,2  ,                                                                                ,02/03/2559,0830-1000,13/05/2559,0900-1100,5  ,LECT ,WE,  ,  ,  ,  ,  ,  ,1730-1930,PINIT,906  ,VBB                          ,LL.B.(GRAD.)        ,                    ,                    ,80 ,16/01/2559 20:00
,
3403201,JUD PRO THAI COURT,3  ,                                                                                ,03/03/2559,1300-1500,04/05/2559,0900-1130,1  ,LECT ,TU,  ,  ,  ,  ,  ,  ,1300-1600,PINIT,505  ,JHN,SSK                      ,                    ,                    ,                    ,280,16/01/2559 20:00
,
3403201,JUD PRO THAI COURT,3  ,                                                                                ,03/03/2559,1300-1500,04/05/2559,0900-1130,5  ,LECT ,SA,  ,  ,  ,  ,  ,  ,1300-1600,PINIT,1006 ,JHN,SSK                      ,LL.B.(GRAD.)        ,                    ,                    ,20 ,16/01/2559 20:00
,
3403302,CRIMINAL PROCEDURE,3  ,                                                                                ,          ,         ,          ,TDF      ,5  ,LECT ,SA,  ,  ,  ,  ,  ,  ,0900-1200,PINIT,1007 ,TKP,UAV                      ,LL.B.(GRAD.)        ,                    ,                    ,110,16/01/2559 20:00
,
3403303,EVIDENCE          ,2  ,                                                                                ,01/03/2559,1000-1300,03/05/2559,0900-1130,1  ,LECT ,FR,  ,  ,  ,  ,  ,  ,1300-1600,PINIT,505  ,KCW                          ,                    ,                    ,                    ,5  ,16/01/2559 20:00
,
3403303,EVIDENCE          ,2  ,                                                                                ,01/03/2559,1000-1300,03/05/2559,0900-1130,2  ,LECT ,FR,  ,  ,  ,  ,  ,  ,1300-1600,PINIT,505  ,KCW                          ,                    ,                    ,                    ,5  ,16/01/2559 20:00
,
3403303,EVIDENCE          ,2  ,                                                                                ,01/03/2559,1000-1300,03/05/2559,0900-1130,5  ,LECT ,WE,  ,  ,  ,  ,  ,  ,1800-2100,PINIT,1007 ,PWC                          ,LL.B.(GRAD.)        ,                    ,                    ,10 ,16/01/2559 20:00
,
3403304,EVIDENCE LAW      ,3  ,                                                                                ,          ,         ,07/05/2559,0900-1130,1  ,LECT ,FR,  ,  ,  ,  ,  ,  ,1300-1600,THEB ,904  ,KCW                          ,                    ,                    ,                    ,110,16/01/2559 20:00
,
3403304,EVIDENCE LAW      ,3  ,                                                                                ,          ,         ,07/05/2559,0900-1130,2  ,LECT ,FR,  ,  ,  ,  ,  ,  ,1300-1600,THEB ,904  ,KCW                          ,                    ,                    ,                    ,110,16/01/2559 20:00
,
3403304,EVIDENCE LAW      ,3  ,                                                                                ,          ,         ,07/05/2559,0900-1130,5  ,LECT ,WE,  ,  ,  ,  ,  ,  ,1800-2100,PINIT,1007 ,PWC                          ,LL.B.(GRAD.)        ,                    ,                    ,110,16/01/2559 20:00
,
3403430,JUVENILE OFFENCES ,2  ,                                                                                ,29/02/2559,1300-1500,10/05/2559,1300-1500,1  ,LECT ,MO,  ,  ,  ,  ,  ,  ,1500-1700,PINIT,906  ,POW                          ,                    ,                    ,                    ,100,16/01/2559 20:00
,
3403430,JUVENILE OFFENCES ,2  ,                                                                                ,29/02/2559,1300-1500,10/05/2559,1300-1500,5  ,LECT ,TU,  ,  ,  ,  ,  ,  ,1730-1930,PINIT,1006 ,STAFF                        ,LL.B.(GRAD.)        ,                    ,                    ,80 ,16/01/2559 20:00
,
3403431,CONSUM PROC LAW   ,2  ,                                                                                ,          ,         ,16/05/2559,0900-1130,1  ,LECT ,FR,  ,  ,  ,  ,  ,  ,1600-1800,PINIT,1108 ,TKP                          ,                    ,                    ,                    ,40 ,16/01/2559 20:00
,
3403433,BANKRUPTCY LAW    ,2  ,                                                                                ,02/03/2559,0830-1000,17/05/2559,0900-1100,1  ,LECT ,FR,  ,  ,  ,  ,  ,  ,1600-1800,PINIT,907  ,VMK                          ,                    ,                    ,                    ,150,16/01/2559 20:00
,
3403434,SEM CIVIL PRO     ,2  ,                                                                                ,29/02/2559,0830-1000,03/05/2559,0900-1100,1  ,LECT ,TU,  ,  ,  ,  ,  ,  ,1500-1700,THEB ,905  ,JPK                          ,                    ,                    ,                    ,100,16/01/2559 20:00
,
3403434,SEM CIVIL PRO     ,2  ,                                                                                ,29/02/2559,0830-1000,03/05/2559,0900-1100,5  ,LECT ,TH,  ,  ,  ,  ,  ,  ,1930-2130,PINIT,906  ,JPK                          ,LL.B.(GRAD.)        ,                    ,                    ,80 ,16/01/2559 20:00
,
3403435,SEM CRIM PRO      ,2  ,                                                                                ,03/03/2559,1300-1500,16/05/2559,1300-1500,1  ,LECT ,TU,  ,  ,  ,  ,  ,  ,0800-1000,PINIT,906  ,TKP,RCC                      ,544XXXXX34 ONLY     ,                    ,                    ,120,16/01/2559 20:00
,
3403435,SEM CRIM PRO      ,2  ,                                                                                ,03/03/2559,1300-1500,16/05/2559,1300-1500,5  ,LECT ,MO,  ,  ,  ,  ,  ,  ,1730-1930,PINIT,1006 ,TKP,RCC                      ,                    ,                    ,                    ,100,16/01/2559 20:00
,
3403481,LITIGAT MOOT COURT,2  ,                                                                                ,          ,         ,04/05/2559,1300-1500,1  ,LECT ,MO,  ,  ,  ,  ,  ,  ,1000-1200,PINIT,1107 ,BCN,SCY                      ,544XXXXX34 ONLY     ,                    ,                    ,30 ,16/01/2559 20:00
,
3403481,LITIGAT MOOT COURT,2  ,                                                                                ,          ,         ,04/05/2559,1300-1500,2  ,LECT ,MO,  ,  ,  ,  ,  ,  ,1000-1200,PINIT,1108 ,SSW                          ,                    ,                    ,                    ,30 ,16/01/2559 20:00
,
3403481,LITIGAT MOOT COURT,2  ,                                                                                ,          ,         ,04/05/2559,1300-1500,3  ,LECT ,MO,  ,  ,  ,  ,  ,  ,1000-1200,PINIT,1106 ,PPV                          ,                    ,                    ,                    ,30 ,16/01/2559 20:00
,
3403482,FORENSIC MEDICINE ,2  ,                                                                                ,          ,         ,03/05/2559,1300-1500,1  ,LECT ,MO,  ,  ,  ,  ,  ,  ,1300-1500,PINIT,505  ,PCW,KMK                      ,                    ,                    ,                    ,100,16/01/2559 20:00
,
3403483,NON JUD DISPU SETT,2  ,                                                                                ,          ,         ,          ,TDF      ,5  ,LECT ,SA,  ,  ,  ,  ,  ,  ,1300-1500,PINIT,906  ,VAN,WPP                      ,LL.B.(GRAD.)        ,                    ,                    ,80 ,16/01/2559 20:00
,
3403484,CRIM INVEST INQUIR,2  ,                                                                                ,          ,         ,          ,TDF      ,5  ,LECT ,WE,  ,  ,  ,  ,  ,  ,1930-2130,PINIT,906  ,PKT                          ,LL.B.(GRAD.)        ,                    ,                    ,80 ,16/01/2559 20:00
,
3404100,INTRO JP LAW      ,2  ,                                                                                ,          ,         ,11/05/2559,0900-1100,1  ,LECT ,TU,  ,  ,  ,  ,  ,  ,1300-1500,PINIT,906  ,STC,WWP                      ,                    ,                    ,                    ,90 ,16/01/2559 20:00
,
3404113,INTRO WTO LAW     ,3  ,                                                                                ,          ,         ,          ,TDF      ,1  ,LECT ,TU,  ,  ,  ,  ,  ,  ,0900-1200,THEB ,905  ,TRS                          ,                    ,                    ,                    ,40 ,16/01/2559 20:00
,
3404114,INTRO ROMAN LAW   ,2  ,                                                                                ,          ,         ,12/05/2559,0900-1100,1  ,LECT ,FR,  ,  ,  ,  ,  ,  ,0800-1000,PINIT,907  ,SSB                          ,                    ,                    ,                    ,150,16/01/2559 20:00
,
3404115,INTRO PUBLIC LAW  ,3  ,                                                                                ,          ,         ,          ,TDF      ,2  ,LECT ,MO,  ,  ,  ,  ,  ,  ,0900-1200,THEB ,604  ,VTV,CPN                      ,GENED-SO            ,                    ,                    ,50 ,16/01/2559 20:00
,
3404117,INTRO TO LAW      ,3  ,                                                                                ,          ,         ,          ,TDF      ,1  ,LECT ,WE,  ,  ,  ,  ,  ,  ,0900-1200,THEB ,904  ,VTV                          ,GENED-SO            ,                    ,                    ,100,16/01/2559 20:00
,
3404117,INTRO TO LAW      ,3  ,                                                                                ,          ,         ,          ,TDF      ,2  ,LECT ,WE,  ,  ,  ,  ,  ,  ,1300-1600,THEB ,904  ,STAFF                        ,GENED-SO            ,                    ,                    ,100,16/01/2559 20:00
,
3404117,INTRO TO LAW      ,3  ,                                                                                ,          ,         ,          ,TDF      ,3  ,LECT ,WE,  ,  ,  ,  ,  ,  ,1300-1600,PINIT,505  ,TTN                          ,GENED-SO            ,                    ,                    ,120,16/01/2559 20:00
,
3404117,INTRO TO LAW      ,3  ,                                                                                ,          ,         ,          ,TDF      ,4  ,LECT ,TH,  ,  ,  ,  ,  ,  ,1300-1600,THEB ,905  ,KBN                          ,GENED-SO            ,                    ,                    ,100,16/01/2559 20:00
,
3404117,INTRO TO LAW      ,3  ,                                                                                ,          ,         ,          ,TDF      ,6  ,LECT ,WE,  ,  ,  ,  ,  ,  ,1300-1600,THEB ,604  ,CPN                          ,GENED-SO            ,                    ,                    ,50 ,16/01/2559 20:00
,
3404122,LEGAL LOGICS      ,2  ,                                                                                ,          ,         ,          ,TDF      ,5  ,LECT ,WE,  ,  ,  ,  ,  ,  ,1800-2000,PINIT,1006 ,MJP,TCS                      ,                    ,                    ,                    ,120,16/01/2559 20:00
,
3404123,LEGAL HISTORY     ,2  ,                                                                                ,          ,         ,          ,TDF      ,5  ,LECT ,WE,  ,  ,  ,  ,  ,  ,2000-2200,PINIT,1006 ,TCS,KCH,CJP                  ,                    ,                    ,                    ,100,16/01/2559 20:00
,
3404124,LAW SOCIETY       ,2  ,                                                                                ,02/03/2559,1500-1700,11/05/2559,0900-1100,1  ,LECT ,TH,  ,  ,  ,  ,  ,  ,1000-1200,PINIT,505  ,NSK                          ,                    ,                    ,                    ,270,16/01/2559 20:00
,
3404127,INTRO COMMON LAW  ,2  ,                                                                                ,          ,         ,16/05/2559,1300-1500,1  ,LECT ,TH,  ,  ,  ,  ,  ,  ,1500-1700,PINIT,1106 ,STAFF                        ,                    ,                    ,                    ,30 ,16/01/2559 20:00
,
3404201,LAW ACCTG         ,2  ,                                                                                ,01/03/2559,1300-1530,16/05/2559,0900-1130,1  ,LECT ,TH,  ,  ,  ,  ,  ,  ,1000-1200,PINIT,907  ,TCC                          ,                    ,                    ,                    ,100,16/01/2559 20:00
,
3404201,LAW ACCTG         ,2  ,                                                                                ,01/03/2559,1300-1530,16/05/2559,0900-1130,5  ,LECT ,MO,  ,  ,  ,  ,  ,  ,1730-1930,PINIT,1005 ,TCC                          ,LL.B.(GRAD.)        ,                    ,                    ,60 ,16/01/2559 20:00
,
3404220,CONSTIT POL INSTIT,3  ,                                                                                ,04/03/2559,1300-1500,12/05/2559,1300-1530,1  ,LECT ,WE,  ,  ,  ,  ,  ,  ,0800-0930,PINIT,905  ,KCV                          ,                    ,                    ,                    ,180,16/01/2559 20:00
,
3404220,CONSTIT POL INSTIT,3  ,                                                                                ,04/03/2559,1300-1500,12/05/2559,1300-1530,2  ,LECT ,TH,  ,  ,  ,  ,  ,  ,0900-1200,THEB ,904  ,MJP                          ,                    ,                    ,                    ,180,16/01/2559 20:00
,
3404220,CONSTIT POL INSTIT,3  ,                                                                                ,04/03/2559,1300-1500,12/05/2559,1300-1530,3  ,LECT ,TH,  ,  ,  ,  ,  ,  ,0900-1200,PINIT,705  ,NSK                          ,                    ,                    ,                    ,180,16/01/2559 20:00
,
3404220,CONSTIT POL INSTIT,3  ,                                                                                ,04/03/2559,1300-1500,12/05/2559,1300-1530,5  ,LECT ,TH,  ,  ,  ,  ,  ,  ,1800-2100,PINIT,1006 ,BUN,VTV                      ,LL.B.(GRAD.)        ,                    ,                    ,120,16/01/2559 20:00
,
3404301,LABOUR LAW        ,3  ,                                                                                ,29/02/2559,0830-1000,13/05/2559,0900-1130,1  ,LECT ,TH,  ,  ,  ,  ,  ,  ,1500-1800,PINIT,907  ,STS                          ,                    ,                    ,                    ,130,16/01/2559 20:00
,
3404301,LABOUR LAW        ,3  ,                                                                                ,29/02/2559,0830-1000,13/05/2559,0900-1130,2  ,LECT ,TH,  ,  ,  ,  ,  ,  ,1500-1800,PINIT,505  ,PPV                          ,                    ,                    ,                    ,130,16/01/2559 20:00
,
3404301,LABOUR LAW        ,3  ,                                                                                ,29/02/2559,0830-1000,13/05/2559,0900-1130,5  ,LECT ,SA,  ,  ,  ,  ,  ,  ,1300-1600,PINIT,1007 ,STS                          ,LL.B.(GRAD.)        ,                    ,                    ,110,16/01/2559 20:00
,
3404343,LAW PROT ART      ,3  ,                                                                                ,          ,         ,          ,TDF      ,2  ,LECT ,WE,  ,  ,  ,  ,  ,  ,1300-1600,PINIT,1107 ,SWN                          ,                    ,                    ,                    ,5  ,16/01/2559 20:00
,
3404344,LAW FOOD AGR      ,3  ,                                                                                ,          ,         ,07/05/2559,0830-1130,1  ,LECT ,WE,  ,  ,  ,  ,  ,  ,0900-1200,WKB12,1221 ,ESL                          ,                    ,                    ,                    ,50 ,16/01/2559 20:00
,
3404401,LEGAL PHILOSOPHY  ,2  ,                                                                                ,          ,         ,          ,TDF      ,5  ,LECT ,MO,  ,  ,  ,  ,  ,  ,1800-2100,PINIT,906  ,KCH                          ,                    ,                    ,                    ,5  ,16/01/2559 20:00
,
3404404,LEGAL PHILOSOPHY  ,3  ,                                                                                ,          ,         ,          ,TDF      ,5  ,LECT ,MO,  ,  ,  ,  ,  ,  ,1800-2100,PINIT,906  ,KCH                          ,                    ,                    ,                    ,110,16/01/2559 20:00
,
3404411,LABOUR LAW        ,2  ,                                                                                ,          ,         ,18/05/2559,0900-1130,1  ,LECT ,TH,  ,  ,  ,  ,  ,  ,1500-1800,PINIT,505  ,STS                          ,534XXXXX34 ONLY     ,                    ,                    ,5  ,16/01/2559 20:00
,
3404411,LABOUR LAW        ,2  ,                                                                                ,          ,         ,18/05/2559,0900-1130,2  ,LECT ,TH,  ,  ,  ,  ,  ,  ,1500-1800,PINIT,907  ,PPV                          ,                    ,                    ,                    ,5  ,16/01/2559 20:00
,
3404411,LABOUR LAW        ,2  ,                                                                                ,          ,         ,18/05/2559,0900-1130,5  ,LECT ,SA,  ,  ,  ,  ,  ,  ,1300-1600,PINIT,1007 ,STS                          ,LL.B.(GRAD.)        ,                    ,                    ,10 ,16/01/2559 20:00
,
3404430,BANKING LAW       ,2  ,                                                                                ,04/03/2559,1030-1200,17/05/2559,1300-1500,1  ,LECT ,WE,  ,  ,  ,  ,  ,  ,1700-1900,PINIT,505  ,VTH                          ,                    ,                    ,                    ,150,16/01/2559 20:00
,
3404430,BANKING LAW       ,2  ,                                                                                ,04/03/2559,1030-1200,17/05/2559,1300-1500,5  ,LECT ,TU,  ,  ,  ,  ,  ,  ,1730-1930,PINIT,1007 ,STAFF                        ,LL.B.(GRAD.)        ,                    ,                    ,80 ,16/01/2559 20:00
,
3404432,INTRO COMP LAW    ,2  ,                                                                                ,02/03/2559,1500-1700,10/05/2559,0900-1100,1  ,LECT ,TH,  ,  ,  ,  ,  ,  ,1300-1500,PINIT,1109 ,PHK                          ,                    ,                    ,                    ,80 ,16/01/2559 20:00
,
3404435,CON PROTECT LAW   ,2  ,                                                                                ,02/03/2559,1300-1430,12/05/2559,0900-1100,1  ,LECT ,WE,  ,  ,  ,  ,  ,  ,1000-1200,PINIT,907  ,WWP                          ,                    ,                    ,                    ,100,16/01/2559 20:00
,
3404435,CON PROTECT LAW   ,2  ,                                                                                ,02/03/2559,1300-1430,12/05/2559,0900-1100,5  ,LECT ,WE,  ,  ,  ,  ,  ,  ,1730-1930,PINIT,907  ,WWP                          ,                    ,                    ,                    ,80 ,16/01/2559 20:00
,
3404437,PUB LAW FORGN LANG,2  ,                                                                                ,          ,         ,          ,TDF      ,5  ,LECT ,TU,  ,  ,  ,  ,  ,  ,1730-1930,PINIT,1210 ,KSI                          ,LL.B.(GRAD)         ,                    ,                    ,30 ,16/01/2559 20:00
,
3404438,ORGANIC LAW I     ,2  ,                                                                                ,03/03/2559,1500-1700,10/05/2559,1300-1500,1  ,LECT ,TU,  ,  ,  ,  ,  ,  ,1500-1700,PINIT,905  ,AEN,KRW                      ,                    ,                    ,                    ,60 ,16/01/2559 20:00
,
3404439,ADMIN COURT PRO   ,2  ,                                                                                ,29/02/2559,1500-1700,17/05/2559,1300-1500,1  ,LECT ,FR,  ,  ,  ,  ,  ,  ,0800-1000,PINIT,905  ,CSS                          ,                    ,                    ,                    ,80 ,16/01/2559 20:00
,
3404440,PUB FINANCE LAW   ,2  ,                                                                                ,02/03/2559,1500-1700,12/05/2559,0900-1100,1  ,LECT ,WE,  ,  ,  ,  ,  ,  ,0800-1000,PINIT,1109 ,SPD                          ,                    ,                    ,                    ,60 ,16/01/2559 20:00
,
3404440,PUB FINANCE LAW   ,2  ,                                                                                ,02/03/2559,1500-1700,12/05/2559,0900-1100,2  ,LECT ,WE,  ,  ,  ,  ,  ,  ,0800-1000,PINIT,905  ,AEN                          ,                    ,                    ,                    ,60 ,16/01/2559 20:00
,
3404441,ADMIN PRO LAW     ,2  ,                                                                                ,04/03/2559,1500-1700,04/05/2559,1300-1500,1  ,LECT ,TU,  ,  ,  ,  ,  ,  ,1000-1200,PINIT,1109 ,CSS                          ,                    ,                    ,                    ,80 ,16/01/2559 20:00
,
3404441,ADMIN PRO LAW     ,2  ,                                                                                ,04/03/2559,1500-1700,04/05/2559,1300-1500,5  ,LECT ,MO,  ,  ,  ,  ,  ,  ,1730-1930,PINIT,905  ,CSS,NBN                      ,LL.B.(GRAD.)        ,                    ,                    ,60 ,16/01/2559 20:00
,
3404442,STATE CONTRACTS   ,2  ,                                                                                ,          ,         ,          ,TDF      ,5  ,LECT ,TH,  ,  ,  ,  ,  ,  ,1730-1930,PINIT,1005 ,NBN,NTT                      ,LL.B.(GRAD.)        ,                    ,                    ,60 ,16/01/2559 20:00
,
3404443,SEM LAW SOC PROB  ,2  ,                                                                                ,01/03/2559,1300-1430,04/05/2559,0900-1100,1  ,LECT ,TH,  ,  ,  ,  ,  ,  ,1000-1200,PINIT,1106 ,KSI                          ,                    ,                    ,                    ,30 ,16/01/2559 20:00
,
3404443,SEM LAW SOC PROB  ,2  ,                                                                                ,01/03/2559,1300-1430,04/05/2559,0900-1100,5  ,LECT ,TU,  ,  ,  ,  ,  ,  ,1930-2130,PINIT,1210 ,KSI                          ,LL.B.(GRAD)         ,                    ,                    ,30 ,16/01/2559 20:00
,
3404444,ENVIRON LAW       ,2  ,                                                                                ,02/03/2559,1030-1200,02/05/2559,1300-1500,1  ,LECT ,WE,  ,  ,  ,  ,  ,  ,1000-1200,PINIT,1105 ,KSI                          ,                    ,                    ,                    ,40 ,16/01/2559 20:00
,
3404445,INTRO PUB ECON LAW,2  ,                                                                                ,          ,         ,          ,TDF      ,5  ,LECT ,TH,  ,  ,  ,  ,  ,  ,1930-2130,PINIT,1005 ,KVN,AEN                      ,LL.B.(GRAD)         ,                    ,                    ,40 ,16/01/2559 20:00
,
3404446,SEM LEGAL DRAF PRO,2  ,                                                                                ,04/03/2559,1300-1500,13/05/2559,1300-1500,1  ,LECT ,WE,  ,  ,  ,  ,  ,  ,1500-1700,PINIT,1107 ,TCS                          ,                    ,                    ,                    ,40 ,16/01/2559 20:00
,
3404447,SEM ADMINIST LAW  ,2  ,                                                                                ,02/03/2559,1300-1430,16/05/2559,0900-1100,1  ,LECT ,TH,  ,  ,  ,  ,  ,  ,1300-1500,THEB ,904  ,CSS                          ,                    ,                    ,                    ,100,16/01/2559 20:00
,
3404447,SEM ADMINIST LAW  ,2  ,                                                                                ,02/03/2559,1300-1430,16/05/2559,0900-1100,5  ,LECT ,WE,  ,  ,  ,  ,  ,  ,1730-1930,PINIT,905  ,CSS                          ,LL.B.(GRAD.)        ,                    ,                    ,40 ,16/01/2559 20:00
,
3404449,SEM CONSTIT LAW   ,2  ,                                                                                ,03/03/2559,1000-1200,11/05/2559,1300-1500,1  ,LECT ,TU,  ,  ,  ,  ,  ,  ,1300-1500,PINIT,905  ,NBN                          ,                    ,                    ,                    ,80 ,16/01/2559 20:00
,
3404470,LAW LAND MGT      ,2  ,                                                                                ,          ,         ,12/05/2559,1300-1500,1  ,LECT ,MO,  ,  ,  ,  ,  ,  ,1300-1500,PINIT,906  ,ESL                          ,                    ,                    ,                    ,120,16/01/2559 20:00
,
3404470,LAW LAND MGT      ,2  ,                                                                                ,          ,         ,12/05/2559,1300-1500,5  ,LECT ,MO,  ,  ,  ,  ,  ,  ,1930-2130,PINIT,907  ,SML,ESL                      ,LL.B.(GRAD.)        ,                    ,                    ,80 ,16/01/2559 20:00
,
3404471,SEM TAXATION      ,2  ,                                                                                ,          ,         ,16/05/2559,1300-1500,1  ,LECT ,MO,  ,  ,  ,  ,  ,  ,1500-1700,PINIT,905  ,KUP,TCC,ATR                  ,544XXXXX34 ONLY     ,                    ,                    ,60 ,16/01/2559 20:00
,
3404472,CUSTOMS LAW       ,2  ,                                                                                ,          ,         ,18/05/2559,1300-1500,1  ,LECT ,TH,  ,  ,  ,  ,  ,  ,1300-1500,PINIT,906  ,KPS,BKD                      ,                    ,                    ,                    ,100,16/01/2559 20:00
,
3404472,CUSTOMS LAW       ,2  ,                                                                                ,          ,         ,18/05/2559,1300-1500,5  ,LECT ,SA,  ,  ,  ,  ,  ,  ,1000-1200,PINIT,905  ,KPS,STAFF                    ,LL.B.(GRAD)         ,                    ,                    ,40 ,16/01/2559 20:00
,
3404491,PUB SERV ENTERPR  ,2  ,                                                                                ,          ,         ,03/05/2559,0900-1100,1  ,LECT ,FR,  ,  ,  ,  ,  ,  ,1300-1500,PINIT,1109 ,VTV,NBN                      ,                    ,                    ,                    ,80 ,16/01/2559 20:00
,
3404491,PUB SERV ENTERPR  ,2  ,                                                                                ,          ,         ,03/05/2559,0900-1100,5  ,LECT ,FR,  ,  ,  ,  ,  ,  ,1730-1930,PINIT,1005 ,NBN,VTV                      ,                    ,                    ,                    ,40 ,16/01/2559 20:00
,
3404494,PER MGT PUB SECT  ,2  ,                                                                                ,          ,         ,          ,TDF      ,5  ,LECT ,FR,  ,  ,  ,  ,  ,  ,1930-2130,PINIT,1005 ,PTA                          ,                    ,                    ,                    ,40 ,16/01/2559 20:00
,
3404495,LAW PUB INFOR PRIV,2  ,                                                                                ,          ,         ,13/05/2559,1300-1500,1  ,LECT ,TH,  ,  ,  ,  ,  ,  ,1000-1200,PINIT,906  ,STAFF                        ,                    ,                    ,                    ,150,16/01/2559 20:00
,
3404498,INVESTMENT LAW    ,2  ,                                                                                ,          ,         ,18/05/2559,1300-1500,1  ,LECT ,FR,  ,  ,  ,  ,  ,  ,1300-1500,PINIT,905  ,KPD                          ,                    ,                    ,                    ,60 ,16/01/2559 20:00
,
3405301,PUB INTER LAW     ,3  ,                                                                                ,          ,         ,          ,TDF      ,5  ,LECT ,TH,  ,  ,  ,  ,  ,  ,1800-2100,PINIT,1007 ,SSS,CSR,CWK                  ,                    ,                    ,                    ,110,16/01/2559 20:00
,
3405302,PRIV INTER LAW    ,3  ,                                                                                ,03/03/2559,0830-1030,11/05/2559,0900-1130,1  ,LECT ,MO,  ,  ,  ,  ,  ,  ,0900-1200,THEB ,905  ,CPN                          ,                    ,                    ,                    ,105,16/01/2559 20:00
,
3405302,PRIV INTER LAW    ,3  ,                                                                                ,03/03/2559,0830-1030,11/05/2559,0900-1130,2  ,LECT ,MO,  ,  ,  ,  ,  ,  ,0900-1200,BRK  ,402  ,KPD                          ,                    ,                    ,                    ,105,16/01/2559 20:00
,
3405302,PRIV INTER LAW    ,3  ,                                                                                ,03/03/2559,0830-1030,11/05/2559,0900-1130,5  ,LECT ,AR,  ,  ,  ,  ,  ,  ,1800-2100,PINIT,1007 ,CPN                          ,                    ,                    ,                    ,100,16/01/2559 20:00
,
3405404,INT INVEST LAW SEM,2  ,                                                                                ,          ,         ,17/05/2559,1300-1500,1  ,LECT ,TU,  ,  ,  ,  ,  ,  ,0800-1000,PINIT,1106 ,CWK                          ,                    ,                    ,                    ,30 ,16/01/2559 20:00
,
3405430,INTER LAW SEA     ,2  ,                                                                                ,01/03/2559,1000-1300,02/05/2559,1300-1500,1  ,LECT ,TU,  ,  ,  ,  ,  ,  ,1500-1700,PINIT,1105 ,TCL,CPN,SSS                  ,                    ,                    ,                    ,40 ,16/01/2559 20:00
,
3405431,INTER CRIM LAW    ,2  ,                                                                                ,02/03/2559,1030-1200,12/05/2559,1300-1500,1  ,LECT ,FR,  ,  ,  ,  ,  ,  ,0800-1000,PINIT,1105 ,SKK                          ,                    ,                    ,                    ,40 ,16/01/2559 20:00
,
3405433,INTER CONTRACT    ,2  ,                                                                                ,29/02/2559,1300-1500,11/05/2559,1300-1500,1  ,LECT ,WE,  ,  ,  ,  ,  ,  ,1300-1500,PINIT,907  ,BPL,CNC                      ,                    ,                    ,                    ,60 ,16/01/2559 20:00
,
3405434,INTER BUS TRANSAC ,2  ,                                                                                ,29/02/2559,1000-1300,10/05/2559,0900-1100,1  ,LECT ,MO,  ,  ,  ,  ,  ,  ,1300-1500,PINIT,1109 ,TCC,SKK                      ,                    ,                    ,                    ,60 ,16/01/2559 20:00
,
3405434,INTER BUS TRANSAC ,2  ,                                                                                ,29/02/2559,1000-1300,10/05/2559,0900-1100,2  ,LECT ,TH,  ,  ,  ,  ,  ,  ,0800-1000,PINIT,905  ,KCH,CWK                      ,                    ,                    ,                    ,60 ,16/01/2559 20:00
,
3405434,INTER BUS TRANSAC ,2  ,                                                                                ,29/02/2559,1000-1300,10/05/2559,0900-1100,5  ,LECT ,SA,  ,  ,  ,  ,  ,  ,1500-1700,PINIT,905  ,SKK,STAFF                    ,                    ,                    ,                    ,60 ,16/01/2559 20:00
,
3405436,INTER ENVIRON LAW ,2  ,                                                                                ,01/03/2559,1500-1700,18/05/2559,0900-1100,1  ,LECT ,TU,  ,  ,  ,  ,  ,  ,1000-1200,PINIT,905  ,PSN                          ,                    ,                    ,                    ,48 ,16/01/2559 20:00
,
3405437,INTER ORGANIZON   ,2  ,                                                                                ,04/03/2559,1500-1700,16/05/2559,1300-1500,1  ,LECT ,FR,  ,  ,  ,  ,  ,  ,1000-1200,PINIT,905  ,SSS                          ,                    ,                    ,                    ,60 ,16/01/2559 20:00
,
3405439,SEM INTER LAW     ,2  ,                                                                                ,03/03/2559,1500-1700,13/05/2559,1300-1500,1  ,LECT ,TU,  ,  ,  ,  ,  ,  ,1300-1500,PINIT,1106 ,CWK,VMB                      ,                    ,                    ,                    ,30 ,16/01/2559 20:00
,
3405441,HUMAN RIGHTS LAW  ,2  ,                                                                                ,02/03/2559,1500-1700,10/05/2559,1300-1500,1  ,LECT ,TH,  ,  ,  ,  ,  ,  ,1300-1500,PINIT,1105 ,VMB                          ,                    ,                    ,                    ,30 ,16/01/2559 20:00
,
3405442,SEM LAW ASEAN     ,2  ,                                                                                ,          ,         ,02/05/2559,0900-1100,1  ,LECT ,FR,  ,  ,  ,  ,  ,  ,1000-1200,PINIT,1106 ,STAFF                        ,                    ,                    ,                    ,20 ,16/01/2559 20:00
,
3405444,INTER ECON LAW II ,2  ,                                                                                ,04/03/2559,1500-1700,17/05/2559,0900-1100,1  ,LECT ,WE,  ,  ,  ,  ,  ,  ,1000-1200,PINIT,905  ,TRS                          ,                    ,                    ,                    ,60 ,16/01/2559 20:00
,
3405444,INTER ECON LAW II ,2  ,                                                                                ,04/03/2559,1500-1700,17/05/2559,0900-1100,2  ,LECT ,WE,  ,  ,  ,  ,  ,  ,1000-1200,PINIT,1109 ,STC                          ,                    ,                    ,                    ,60 ,16/01/2559 20:00
,
3405446,INTER LAW DEVELOP ,2  ,                                                                                ,29/02/2559,0830-1000,16/05/2559,0900-1100,1  ,LECT ,MO,  ,  ,  ,  ,  ,  ,1500-1700,PINIT,1108 ,CPN                          ,                    ,                    ,                    ,40 ,16/01/2559 20:00
,
3405447,ASEAN LAW         ,2  ,                                                                                ,02/03/2559,0830-1000,17/05/2559,0900-1100,1  ,LECT ,MO,  ,  ,  ,  ,  ,  ,1500-1700,PINIT,1109 ,PNS,TSK                      ,                    ,                    ,                    ,80 ,16/01/2559 20:00
,
3405475,MARITIME LAW      ,2  ,                                                                                ,          ,         ,04/05/2559,0900-1100,1  ,LECT ,TU,  ,  ,  ,  ,  ,  ,1000-1200,PINIT,1106 ,CGG                          ,                    ,                    ,                    ,40 ,16/01/2559 20:00
,
3405477,INTER TAXATION    ,2  ,                                                                                ,          ,         ,          ,TDF      ,5  ,LECT ,FR,  ,  ,  ,  ,  ,  ,1730-1930,PINIT,1107 ,TCC                          ,LL.B.(GRAD)         ,                    ,                    ,20 ,16/01/2559 20:00
,
3405480,SPACE LAW         ,2  ,C.F.                                                                            ,          ,         ,03/05/2559,1300-1500,1  ,LECT ,FR,  ,  ,  ,  ,  ,  ,1500-1700,PINIT,1107 ,PTS                          ,544XXXXX34 ONLY     ,                    ,                    ,30 ,16/01/2559 20:00
,
3405485,INT LAW CONT POL  ,2  ,3405301                                                                         ,          ,         ,04/05/2559,1300-1500,1  ,LECT ,WE,  ,  ,  ,  ,  ,  ,0800-1000,PINIT,906  ,CSR                          ,                    ,                    ,                    ,150,16/01/2559 20:00
,
